[33m781d54e[m[33m ([m[1;36mHEAD -> [m[1;32mmain[m[33m)[m Merge branch 'main' of https://github.com/tomassamaj/QFin_ILab_V_2025
[33m7011104[m Daily Data RData
[33m3ded8ba[m[33m ([m[1;31morigin/main[m[33m, [m[1;31morigin/HEAD[m[33m)[m added cleaned code for midterm presentation
[33md45a66c[m Added daily data
[33m6c8ad48[m added longshort code all plots
[33m48b85b2[m added longshort code
[33m5ad9da8[m modified app structure and code
[33m952af38[m mistake solved
[33m5d62fd2[m Cleaned Repo
[33m87c9f35[m everything together
[33m82001ab[m merged again
[33m671936f[m merged
[33m6fa4249[m Added Lag code
[33m7b780d9[m re added factor selected file
[33md53dc73[m merging
[33m6f5d984[m ---
[33me0cab9e[m Added 25-25% Factor Momentum
[33m40e0989[m changed the plots for selected factors - unscaled version
[33mb148899[m re put original factors selected
[33mce7cd0d[m tried some things with selecting factors, still have some doubts
[33me82e1ad[m Merge branch 'main' of github.com:tomassamaj/QFin_ILab_V_2025
[33m8a0d163[m Round 2
[33m5a83cf1[m updated version with regressions
[33mca19c58[m newest version  22
[33m9412127[m newest version
[33mee130ed[m  added new slides to presentation
[33mf442de5[m Updated Slides
[33m43c942d[m started presentation
[33m7b5f570[m tried WRDS
[33m8ddc909[m added celan code of replication
[33mcb5c89d[m added csvs
[33m512186d[m R file
[33me30892e[m Add files via upload
[33me399594[m Added papers
[33m23f8111[m Add initial README for QFin ILab V 2025
