location,name,freq,weighting,direction,n_stocks,n_stocks_min,date,ret
usa,fcf_me,monthly,vw_cap,1,11,5,1950-11-30,-0.00976340020616559
usa,fcf_me,monthly,vw_cap,1,14,7,1950-12-31,0.0578011458845082
usa,fcf_me,monthly,vw_cap,1,18,9,1951-01-31,-0.00352845121911524
usa,fcf_me,monthly,vw_cap,1,26,13,1951-02-28,0.0109301786954079
usa,fcf_me,monthly,vw_cap,1,37,18,1951-03-31,-0.0274120406456089
usa,fcf_me,monthly,vw_cap,1,42,21,1951-04-30,0.0184677093731769
usa,fcf_me,monthly,vw_cap,1,204,102,1951-05-31,-0.00636026018306055
usa,fcf_me,monthly,vw_cap,1,213,106,1951-06-30,-0.0351170263581411
usa,fcf_me,monthly,vw_cap,1,217,108,1951-07-31,-0.0044039176900086
usa,fcf_me,monthly,vw_cap,1,220,109,1951-08-31,0.0151096408377241
usa,fcf_me,monthly,vw_cap,1,223,111,1951-09-30,0.0091056060810051
usa,fcf_me,monthly,vw_cap,1,226,112,1951-10-31,0.0227783481148912
usa,fcf_me,monthly,vw_cap,1,228,113,1951-11-30,0.000510785995969961
usa,fcf_me,monthly,vw_cap,1,229,114,1951-12-31,-0.0172470085614644
usa,fcf_me,monthly,vw_cap,1,229,114,1952-01-31,0.00552166100760494
usa,fcf_me,monthly,vw_cap,1,230,114,1952-02-29,0.0109844336219674
usa,fcf_me,monthly,vw_cap,1,231,115,1952-03-31,0.00581697406740189
usa,fcf_me,monthly,vw_cap,1,230,115,1952-04-30,-0.00719331141133179
usa,fcf_me,monthly,vw_cap,1,238,118,1952-05-31,-0.0159738530655289
usa,fcf_me,monthly,vw_cap,1,238,119,1952-06-30,-0.00951380809711705
usa,fcf_me,monthly,vw_cap,1,237,118,1952-07-31,0.0161834440840213
usa,fcf_me,monthly,vw_cap,1,237,118,1952-08-31,0.00574500024574481
usa,fcf_me,monthly,vw_cap,1,238,118,1952-09-30,0.00231607434035785
usa,fcf_me,monthly,vw_cap,1,239,118,1952-10-31,-0.000540069349783446
usa,fcf_me,monthly,vw_cap,1,240,117,1952-11-30,-0.0100201787710374
usa,fcf_me,monthly,vw_cap,1,241,118,1952-12-31,-0.0199281056462992
usa,fcf_me,monthly,vw_cap,1,240,117,1953-01-31,0.00995896434360825
usa,fcf_me,monthly,vw_cap,1,241,119,1953-02-28,-0.00365801465362187
usa,fcf_me,monthly,vw_cap,1,242,120,1953-03-31,-0.00171741360491615
usa,fcf_me,monthly,vw_cap,1,242,121,1953-04-30,-0.0122424181667263
usa,fcf_me,monthly,vw_cap,1,245,120,1953-05-31,0.00824449105487403
usa,fcf_me,monthly,vw_cap,1,247,121,1953-06-30,-0.00501874229835101
usa,fcf_me,monthly,vw_cap,1,248,122,1953-07-31,0.00598446978787185
usa,fcf_me,monthly,vw_cap,1,246,120,1953-08-31,0.0188051156571342
usa,fcf_me,monthly,vw_cap,1,247,120,1953-09-30,0.00912991977894915
usa,fcf_me,monthly,vw_cap,1,248,121,1953-10-31,-0.0048051278891914
usa,fcf_me,monthly,vw_cap,1,246,120,1953-11-30,0.0012542295187641
usa,fcf_me,monthly,vw_cap,1,247,121,1953-12-31,0.00314473545881728
usa,fcf_me,monthly,vw_cap,1,250,124,1954-01-31,-0.0215651206449463
usa,fcf_me,monthly,vw_cap,1,248,124,1954-02-28,0.00175619469461573
usa,fcf_me,monthly,vw_cap,1,248,123,1954-03-31,0.00384011843819929
usa,fcf_me,monthly,vw_cap,1,249,124,1954-04-30,-0.0181539085368659
usa,fcf_me,monthly,vw_cap,1,249,124,1954-05-31,0.0016191037192532
usa,fcf_me,monthly,vw_cap,1,248,123,1954-06-30,-0.00582195378137283
usa,fcf_me,monthly,vw_cap,1,249,124,1954-07-31,0.0308590303410962
usa,fcf_me,monthly,vw_cap,1,250,124,1954-08-31,0.0124973932884419
usa,fcf_me,monthly,vw_cap,1,250,124,1954-09-30,-0.0146790168016841
usa,fcf_me,monthly,vw_cap,1,251,124,1954-10-31,0.00879980520414287
usa,fcf_me,monthly,vw_cap,1,251,125,1954-11-30,-0.00123021598018515
usa,fcf_me,monthly,vw_cap,1,251,124,1954-12-31,-0.00845536863798038
usa,fcf_me,monthly,vw_cap,1,250,123,1955-01-31,0.0146553969078212
usa,fcf_me,monthly,vw_cap,1,249,123,1955-02-28,-0.002354078057783
usa,fcf_me,monthly,vw_cap,1,246,123,1955-03-31,-0.0052468683967394
usa,fcf_me,monthly,vw_cap,1,250,124,1955-04-30,-0.0231413129347427
usa,fcf_me,monthly,vw_cap,1,252,125,1955-05-31,-0.00139473905669275
usa,fcf_me,monthly,vw_cap,1,252,125,1955-06-30,-0.0121819666459938
usa,fcf_me,monthly,vw_cap,1,251,125,1955-07-31,0.000149617067593451
usa,fcf_me,monthly,vw_cap,1,252,126,1955-08-31,0.0174378148128129
usa,fcf_me,monthly,vw_cap,1,252,126,1955-09-30,0.00118120732749779
usa,fcf_me,monthly,vw_cap,1,253,126,1955-10-31,0.00433283008987222
usa,fcf_me,monthly,vw_cap,1,254,127,1955-11-30,-0.000502639277320971
usa,fcf_me,monthly,vw_cap,1,255,127,1955-12-31,0.0108829887035292
usa,fcf_me,monthly,vw_cap,1,257,128,1956-01-31,-0.0069793381130047
usa,fcf_me,monthly,vw_cap,1,256,127,1956-02-29,-0.00744054684279424
usa,fcf_me,monthly,vw_cap,1,253,125,1956-03-31,-0.0226942499467148
usa,fcf_me,monthly,vw_cap,1,255,126,1956-04-30,-0.000429561848051036
usa,fcf_me,monthly,vw_cap,1,256,125,1956-05-31,-0.00451762938233456
usa,fcf_me,monthly,vw_cap,1,255,125,1956-06-30,-0.00990552365134154
usa,fcf_me,monthly,vw_cap,1,256,126,1956-07-31,0.00862038422445183
usa,fcf_me,monthly,vw_cap,1,255,126,1956-08-31,0.00956778146187531
usa,fcf_me,monthly,vw_cap,1,255,126,1956-09-30,0.0114993662237127
usa,fcf_me,monthly,vw_cap,1,256,127,1956-10-31,0.00829036847929687
usa,fcf_me,monthly,vw_cap,1,257,127,1956-11-30,-0.0027526858639416
usa,fcf_me,monthly,vw_cap,1,256,126,1956-12-31,0.0127856753132545
usa,fcf_me,monthly,vw_cap,1,258,129,1957-01-31,-0.00297646326223888
usa,fcf_me,monthly,vw_cap,1,258,128,1957-02-28,0.016611196993991
usa,fcf_me,monthly,vw_cap,1,260,129,1957-03-31,0.00701494126188187
usa,fcf_me,monthly,vw_cap,1,260,129,1957-04-30,-0.00983159797383847
usa,fcf_me,monthly,vw_cap,1,257,125,1957-05-31,0.0019417862566387
usa,fcf_me,monthly,vw_cap,1,257,124,1957-06-30,0.0144913476649004
usa,fcf_me,monthly,vw_cap,1,259,126,1957-07-31,0.0124351354314143
usa,fcf_me,monthly,vw_cap,1,259,124,1957-08-31,0.00143006763697301
usa,fcf_me,monthly,vw_cap,1,261,125,1957-09-30,0.0233156316374546
usa,fcf_me,monthly,vw_cap,1,259,124,1957-10-31,0.00766343001481393
usa,fcf_me,monthly,vw_cap,1,260,126,1957-11-30,-0.000143631103616981
usa,fcf_me,monthly,vw_cap,1,261,126,1957-12-31,0.0236717448358606
usa,fcf_me,monthly,vw_cap,1,260,127,1958-01-31,-0.0329709272255626
usa,fcf_me,monthly,vw_cap,1,258,125,1958-02-28,0.010613676781087
usa,fcf_me,monthly,vw_cap,1,259,127,1958-03-31,0.0163990496571501
usa,fcf_me,monthly,vw_cap,1,259,127,1958-04-30,0.0301353617013869
usa,fcf_me,monthly,vw_cap,1,262,128,1958-05-31,-0.0103890891496422
usa,fcf_me,monthly,vw_cap,1,263,130,1958-06-30,-0.00441355258711116
usa,fcf_me,monthly,vw_cap,1,265,128,1958-07-31,-0.0100375642053443
usa,fcf_me,monthly,vw_cap,1,264,127,1958-08-31,0.000632065689673531
usa,fcf_me,monthly,vw_cap,1,266,129,1958-09-30,0.00239333109651148
usa,fcf_me,monthly,vw_cap,1,266,129,1958-10-31,-0.0156136561726824
usa,fcf_me,monthly,vw_cap,1,266,130,1958-11-30,0.0157115775316392
usa,fcf_me,monthly,vw_cap,1,266,128,1958-12-31,-0.001774573365468
usa,fcf_me,monthly,vw_cap,1,265,127,1959-01-31,-0.00415360517491875
usa,fcf_me,monthly,vw_cap,1,266,128,1959-02-28,0.00214551310025943
usa,fcf_me,monthly,vw_cap,1,266,129,1959-03-31,0.00291881154279337
usa,fcf_me,monthly,vw_cap,1,266,129,1959-04-30,0.0372025444058738
usa,fcf_me,monthly,vw_cap,1,269,132,1959-05-31,0.0158722188630505
usa,fcf_me,monthly,vw_cap,1,270,133,1959-06-30,0.0000578539943104396
usa,fcf_me,monthly,vw_cap,1,269,131,1959-07-31,0.00977510470644152
usa,fcf_me,monthly,vw_cap,1,271,133,1959-08-31,0.0210529441259243
usa,fcf_me,monthly,vw_cap,1,271,133,1959-09-30,0.0126530176325435
usa,fcf_me,monthly,vw_cap,1,271,134,1959-10-31,0.0103135574416127
usa,fcf_me,monthly,vw_cap,1,270,133,1959-11-30,0.00718846951899082
usa,fcf_me,monthly,vw_cap,1,270,134,1959-12-31,-0.0104944147956251
usa,fcf_me,monthly,vw_cap,1,270,133,1960-01-31,0.00667585546314095
usa,fcf_me,monthly,vw_cap,1,270,132,1960-02-29,0.0121785693012755
usa,fcf_me,monthly,vw_cap,1,270,133,1960-03-31,0.00407989515514789
usa,fcf_me,monthly,vw_cap,1,271,133,1960-04-30,0.0147636654278671
usa,fcf_me,monthly,vw_cap,1,272,136,1960-05-31,-0.000983201726193501
usa,fcf_me,monthly,vw_cap,1,275,136,1960-06-30,0.00222714993361774
usa,fcf_me,monthly,vw_cap,1,278,137,1960-07-31,0.0100907405930319
usa,fcf_me,monthly,vw_cap,1,277,137,1960-08-31,-0.004067709544192
usa,fcf_me,monthly,vw_cap,1,276,135,1960-09-30,0.00290056915865971
usa,fcf_me,monthly,vw_cap,1,278,138,1960-10-31,0.00396953172603343
usa,fcf_me,monthly,vw_cap,1,282,139,1960-11-30,-0.00654327719434241
usa,fcf_me,monthly,vw_cap,1,285,140,1960-12-31,-0.0143664357864959
usa,fcf_me,monthly,vw_cap,1,291,145,1961-01-31,-0.00372795077152255
usa,fcf_me,monthly,vw_cap,1,289,143,1961-02-28,-0.000727069556562994
usa,fcf_me,monthly,vw_cap,1,288,144,1961-03-31,0.0045093237200779
usa,fcf_me,monthly,vw_cap,1,288,144,1961-04-30,-0.00602014094386111
usa,fcf_me,monthly,vw_cap,1,302,147,1961-05-31,0.00152802319581071
usa,fcf_me,monthly,vw_cap,1,300,144,1961-06-30,0.00893999163244515
usa,fcf_me,monthly,vw_cap,1,301,145,1961-07-31,-0.0124445727300067
usa,fcf_me,monthly,vw_cap,1,304,148,1961-08-31,0.0149447727915013
usa,fcf_me,monthly,vw_cap,1,303,147,1961-09-30,0.0212890294379264
usa,fcf_me,monthly,vw_cap,1,303,146,1961-10-31,0.0252080291774302
usa,fcf_me,monthly,vw_cap,1,305,149,1961-11-30,0.00409113868139726
usa,fcf_me,monthly,vw_cap,1,306,150,1961-12-31,-0.0163364215659289
usa,fcf_me,monthly,vw_cap,1,306,151,1962-01-31,-0.00613842627647082
usa,fcf_me,monthly,vw_cap,1,404,199,1962-02-28,-0.00973780941249005
usa,fcf_me,monthly,vw_cap,1,422,211,1962-03-31,0.00597175543857256
usa,fcf_me,monthly,vw_cap,1,423,211,1962-04-30,0.00996376492114684
usa,fcf_me,monthly,vw_cap,1,437,216,1962-05-31,-0.00625264969417132
usa,fcf_me,monthly,vw_cap,1,437,215,1962-06-30,0.0128422738644961
usa,fcf_me,monthly,vw_cap,1,435,212,1962-07-31,0.00878321265822105
usa,fcf_me,monthly,vw_cap,1,481,235,1962-08-31,-0.0182976927378909
usa,fcf_me,monthly,vw_cap,1,489,236,1962-09-30,0.0118717756594294
usa,fcf_me,monthly,vw_cap,1,488,234,1962-10-31,0.00240562159646558
usa,fcf_me,monthly,vw_cap,1,491,238,1962-11-30,-0.00631670306140783
usa,fcf_me,monthly,vw_cap,1,498,244,1962-12-31,0.00450538570611669
usa,fcf_me,monthly,vw_cap,1,500,245,1963-01-31,0.00286893341267033
usa,fcf_me,monthly,vw_cap,1,504,250,1963-02-28,0.00359420073972564
usa,fcf_me,monthly,vw_cap,1,499,244,1963-03-31,-0.00358330108360688
usa,fcf_me,monthly,vw_cap,1,505,243,1963-04-30,0.0141041340887189
usa,fcf_me,monthly,vw_cap,1,528,255,1963-05-31,-0.00295044433651676
usa,fcf_me,monthly,vw_cap,1,534,255,1963-06-30,-0.00577119535257066
usa,fcf_me,monthly,vw_cap,1,537,258,1963-07-31,-0.00218213930819006
usa,fcf_me,monthly,vw_cap,1,539,258,1963-08-31,0.00605430020970564
usa,fcf_me,monthly,vw_cap,1,545,258,1963-09-30,0.00808024669103992
usa,fcf_me,monthly,vw_cap,1,544,257,1963-10-31,0.00609010751738696
usa,fcf_me,monthly,vw_cap,1,552,261,1963-11-30,-0.0182768020886045
usa,fcf_me,monthly,vw_cap,1,550,261,1963-12-31,0.0092303261792029
usa,fcf_me,monthly,vw_cap,1,553,266,1964-01-31,0.00259671085119383
usa,fcf_me,monthly,vw_cap,1,559,269,1964-02-29,-0.00778540760189426
usa,fcf_me,monthly,vw_cap,1,560,271,1964-03-31,0.000154752401289295
usa,fcf_me,monthly,vw_cap,1,562,276,1964-04-30,-0.00824642744958851
usa,fcf_me,monthly,vw_cap,1,592,295,1964-05-31,-0.0054779268638405
usa,fcf_me,monthly,vw_cap,1,594,295,1964-06-30,-0.00383230502249905
usa,fcf_me,monthly,vw_cap,1,599,299,1964-07-31,0.0062577877517346
usa,fcf_me,monthly,vw_cap,1,603,297,1964-08-31,-0.00498266536767012
usa,fcf_me,monthly,vw_cap,1,606,297,1964-09-30,0.0026212084772245
usa,fcf_me,monthly,vw_cap,1,610,299,1964-10-31,0.000175882947670463
usa,fcf_me,monthly,vw_cap,1,619,300,1964-11-30,0.00603254185821145
usa,fcf_me,monthly,vw_cap,1,622,300,1964-12-31,-0.00223558695384621
usa,fcf_me,monthly,vw_cap,1,628,309,1965-01-31,0.00051896538758392
usa,fcf_me,monthly,vw_cap,1,637,312,1965-02-28,-0.0083250319180662
usa,fcf_me,monthly,vw_cap,1,641,313,1965-03-31,0.00552105960925929
usa,fcf_me,monthly,vw_cap,1,642,316,1965-04-30,-0.00874035144873449
usa,fcf_me,monthly,vw_cap,1,690,342,1965-05-31,-0.00178598734415367
usa,fcf_me,monthly,vw_cap,1,694,342,1965-06-30,0.00275916783335345
usa,fcf_me,monthly,vw_cap,1,701,346,1965-07-31,-0.00220028391467446
usa,fcf_me,monthly,vw_cap,1,704,339,1965-08-31,-0.00122948567285838
usa,fcf_me,monthly,vw_cap,1,710,342,1965-09-30,-0.0067257653808277
usa,fcf_me,monthly,vw_cap,1,718,344,1965-10-31,-0.00261980445830212
usa,fcf_me,monthly,vw_cap,1,728,346,1965-11-30,-0.00284186887245035
usa,fcf_me,monthly,vw_cap,1,728,347,1965-12-31,-0.0142746514911441
usa,fcf_me,monthly,vw_cap,1,736,351,1966-01-31,-0.00775900898154687
usa,fcf_me,monthly,vw_cap,1,825,389,1966-02-28,-0.014783941512626
usa,fcf_me,monthly,vw_cap,1,822,389,1966-03-31,0.00739349256453759
usa,fcf_me,monthly,vw_cap,1,830,395,1966-04-30,-0.00152985562025972
usa,fcf_me,monthly,vw_cap,1,856,403,1966-05-31,0.00274143403142335
usa,fcf_me,monthly,vw_cap,1,869,408,1966-06-30,-0.00857338469084384
usa,fcf_me,monthly,vw_cap,1,877,413,1966-07-31,0.00915263647181498
usa,fcf_me,monthly,vw_cap,1,887,426,1966-08-31,0.01280077236395
usa,fcf_me,monthly,vw_cap,1,888,427,1966-09-30,0.020182318125288
usa,fcf_me,monthly,vw_cap,1,891,433,1966-10-31,-0.0023008258408864
usa,fcf_me,monthly,vw_cap,1,899,439,1966-11-30,0.000581819234841831
usa,fcf_me,monthly,vw_cap,1,909,441,1966-12-31,-0.0110344113430668
usa,fcf_me,monthly,vw_cap,1,910,447,1967-01-31,-0.0253098592222774
usa,fcf_me,monthly,vw_cap,1,902,450,1967-02-28,0.00565669217606149
usa,fcf_me,monthly,vw_cap,1,903,444,1967-03-31,0.00923940868871658
usa,fcf_me,monthly,vw_cap,1,907,443,1967-04-30,0.016557768502075
usa,fcf_me,monthly,vw_cap,1,925,454,1967-05-31,-0.00213728885262285
usa,fcf_me,monthly,vw_cap,1,934,464,1967-06-30,0.0157137201995803
usa,fcf_me,monthly,vw_cap,1,935,454,1967-07-31,0.000636615694270808
usa,fcf_me,monthly,vw_cap,1,935,456,1967-08-31,0.00691093462925282
usa,fcf_me,monthly,vw_cap,1,940,453,1967-09-30,0.00642368004590716
usa,fcf_me,monthly,vw_cap,1,946,454,1967-10-31,0.0152140108893555
usa,fcf_me,monthly,vw_cap,1,954,460,1967-11-30,-0.00361164557935386
usa,fcf_me,monthly,vw_cap,1,970,474,1967-12-31,-0.0018654614381094
usa,fcf_me,monthly,vw_cap,1,969,475,1968-01-31,0.00608431448508147
usa,fcf_me,monthly,vw_cap,1,1050,506,1968-02-29,-0.00468858679888122
usa,fcf_me,monthly,vw_cap,1,1070,523,1968-03-31,0.0199353661172345
usa,fcf_me,monthly,vw_cap,1,1067,517,1968-04-30,0.0179070120837548
usa,fcf_me,monthly,vw_cap,1,1154,539,1968-05-31,0.00640385279801181
usa,fcf_me,monthly,vw_cap,1,1164,545,1968-06-30,-0.00172677371171012
usa,fcf_me,monthly,vw_cap,1,1184,551,1968-07-31,0.00202326937605233
usa,fcf_me,monthly,vw_cap,1,1185,550,1968-08-31,0.00666895287295656
usa,fcf_me,monthly,vw_cap,1,1200,553,1968-09-30,-0.0133618184702667
usa,fcf_me,monthly,vw_cap,1,1205,558,1968-10-31,0.000978283027364609
usa,fcf_me,monthly,vw_cap,1,1226,562,1968-11-30,-0.0143795657136712
usa,fcf_me,monthly,vw_cap,1,1226,560,1968-12-31,0.00819892359285856
usa,fcf_me,monthly,vw_cap,1,1233,551,1969-01-31,0.000898097919281178
usa,fcf_me,monthly,vw_cap,1,1227,562,1969-02-28,0.0154565948934362
usa,fcf_me,monthly,vw_cap,1,1237,577,1969-03-31,0.0140410875507218
usa,fcf_me,monthly,vw_cap,1,1258,597,1969-04-30,0.022477371363454
usa,fcf_me,monthly,vw_cap,1,1250,600,1969-05-31,0.0189721710824435
usa,fcf_me,monthly,vw_cap,1,1270,605,1969-06-30,0.0145251147649592
usa,fcf_me,monthly,vw_cap,1,1276,622,1969-07-31,0.0198863265047852
usa,fcf_me,monthly,vw_cap,1,1288,636,1969-08-31,0.0231842181322097
usa,fcf_me,monthly,vw_cap,1,1310,652,1969-09-30,0.0320734740854834
usa,fcf_me,monthly,vw_cap,1,1324,661,1969-10-31,0.00226293425104553
usa,fcf_me,monthly,vw_cap,1,1316,648,1969-11-30,0.0250005380263272
usa,fcf_me,monthly,vw_cap,1,1329,639,1969-12-31,0.0264154976871263
usa,fcf_me,monthly,vw_cap,1,1349,627,1970-01-31,0.0197611413729867
usa,fcf_me,monthly,vw_cap,1,1341,626,1970-02-28,-0.0223157014753898
usa,fcf_me,monthly,vw_cap,1,1357,625,1970-03-31,0.00183759402147092
usa,fcf_me,monthly,vw_cap,1,1372,619,1970-04-30,0.0103861602091695
usa,fcf_me,monthly,vw_cap,1,1471,665,1970-05-31,-0.0166534164748372
usa,fcf_me,monthly,vw_cap,1,1492,660,1970-06-30,0.0520770434205516
usa,fcf_me,monthly,vw_cap,1,1501,659,1970-07-31,-0.0102488478651809
usa,fcf_me,monthly,vw_cap,1,1533,665,1970-08-31,-0.0314416573851678
usa,fcf_me,monthly,vw_cap,1,1540,672,1970-09-30,-0.011614981508137
usa,fcf_me,monthly,vw_cap,1,1571,689,1970-10-31,0.0311311038590822
usa,fcf_me,monthly,vw_cap,1,1593,701,1970-11-30,0.00387885135352905
usa,fcf_me,monthly,vw_cap,1,1630,687,1970-12-31,-0.0164540650956294
usa,fcf_me,monthly,vw_cap,1,1636,703,1971-01-31,-0.0280365984790789
usa,fcf_me,monthly,vw_cap,1,1631,714,1971-02-28,0.00479957675327658
usa,fcf_me,monthly,vw_cap,1,1638,736,1971-03-31,0.0130414190730881
usa,fcf_me,monthly,vw_cap,1,1635,726,1971-04-30,-0.0110549527155457
usa,fcf_me,monthly,vw_cap,1,1647,793,1971-05-31,0.0111532162886445
usa,fcf_me,monthly,vw_cap,1,1651,798,1971-06-30,0.0253531171530991
usa,fcf_me,monthly,vw_cap,1,1667,798,1971-07-31,0.0239931239250101
usa,fcf_me,monthly,vw_cap,1,1693,814,1971-08-31,-0.00413680184744542
usa,fcf_me,monthly,vw_cap,1,1704,835,1971-09-30,0.0263745360787449
usa,fcf_me,monthly,vw_cap,1,1685,832,1971-10-31,0.0172720024029021
usa,fcf_me,monthly,vw_cap,1,1704,844,1971-11-30,0.0207015058548953
usa,fcf_me,monthly,vw_cap,1,1724,853,1971-12-31,-0.000899821424721656
usa,fcf_me,monthly,vw_cap,1,1737,861,1972-01-31,0.00464373911078822
usa,fcf_me,monthly,vw_cap,1,1740,863,1972-02-29,0.0211726895776545
usa,fcf_me,monthly,vw_cap,1,1735,854,1972-03-31,0.0155388523983968
usa,fcf_me,monthly,vw_cap,1,1722,858,1972-04-30,-0.00627518141165269
usa,fcf_me,monthly,vw_cap,1,1819,907,1972-05-31,0.0140203984727545
usa,fcf_me,monthly,vw_cap,1,1833,906,1972-06-30,0.0273864596043041
usa,fcf_me,monthly,vw_cap,1,1848,911,1972-07-31,0.0114572899684699
usa,fcf_me,monthly,vw_cap,1,1871,912,1972-08-31,-0.0292081738633861
usa,fcf_me,monthly,vw_cap,1,1868,903,1972-09-30,0.00338415058972335
usa,fcf_me,monthly,vw_cap,1,1894,912,1972-10-31,0.00230152355608821
usa,fcf_me,monthly,vw_cap,1,1910,914,1972-11-30,-0.024034852170612
usa,fcf_me,monthly,vw_cap,1,1923,912,1972-12-31,0.0119757934849534
usa,fcf_me,monthly,vw_cap,1,2407,1142,1973-01-31,0.00580316197993702
usa,fcf_me,monthly,vw_cap,1,2414,1134,1973-02-28,0.00847424823563309
usa,fcf_me,monthly,vw_cap,1,2404,1127,1973-03-31,0.0000426671890876862
usa,fcf_me,monthly,vw_cap,1,2408,1121,1973-04-30,0.00120495070782149
usa,fcf_me,monthly,vw_cap,1,2458,1133,1973-05-31,0.0377965216223164
usa,fcf_me,monthly,vw_cap,1,2445,1106,1973-06-30,0.0240178423655492
usa,fcf_me,monthly,vw_cap,1,2438,1096,1973-07-31,-0.00771002498363063
usa,fcf_me,monthly,vw_cap,1,2463,1108,1973-08-31,0.0173668709326097
usa,fcf_me,monthly,vw_cap,1,2474,1104,1973-09-30,-0.0445762153601061
usa,fcf_me,monthly,vw_cap,1,2460,1088,1973-10-31,-0.00564888865645587
usa,fcf_me,monthly,vw_cap,1,2454,1079,1973-11-30,0.0150099292455782
usa,fcf_me,monthly,vw_cap,1,2465,1068,1973-12-31,-0.00990546700541635
usa,fcf_me,monthly,vw_cap,1,2471,1061,1974-01-31,-0.0576043461517568
usa,fcf_me,monthly,vw_cap,1,2472,1058,1974-02-28,-0.0024285991908196
usa,fcf_me,monthly,vw_cap,1,2457,1042,1974-03-31,0.003843487637243
usa,fcf_me,monthly,vw_cap,1,2462,1043,1974-04-30,0.0146071086283552
usa,fcf_me,monthly,vw_cap,1,2521,1085,1974-05-31,0.0347954546696688
usa,fcf_me,monthly,vw_cap,1,2516,1084,1974-06-30,0.0212373191693233
usa,fcf_me,monthly,vw_cap,1,2531,1082,1974-07-31,-0.0200725822361323
usa,fcf_me,monthly,vw_cap,1,2540,1090,1974-08-31,-0.00535197189290279
usa,fcf_me,monthly,vw_cap,1,2547,1098,1974-09-30,-0.0212034267323624
usa,fcf_me,monthly,vw_cap,1,2559,1104,1974-10-31,0.0552303661020603
usa,fcf_me,monthly,vw_cap,1,2582,1129,1974-11-30,0.0125799476656617
usa,fcf_me,monthly,vw_cap,1,2583,1122,1974-12-31,0.00919520325226052
usa,fcf_me,monthly,vw_cap,1,2612,1115,1975-01-31,-0.101137491399335
usa,fcf_me,monthly,vw_cap,1,2622,1123,1975-02-28,0.0228183832248395
usa,fcf_me,monthly,vw_cap,1,2633,1140,1975-03-31,0.00775073175379833
usa,fcf_me,monthly,vw_cap,1,2652,1150,1975-04-30,0.0293117050838305
usa,fcf_me,monthly,vw_cap,1,2671,1321,1975-05-31,-0.0261626669285391
usa,fcf_me,monthly,vw_cap,1,2676,1329,1975-06-30,-0.0329991230231284
usa,fcf_me,monthly,vw_cap,1,2681,1332,1975-07-31,-0.0165038062258822
usa,fcf_me,monthly,vw_cap,1,2655,1304,1975-08-31,-0.0092980994864189
usa,fcf_me,monthly,vw_cap,1,2693,1321,1975-09-30,0.00115742672717131
usa,fcf_me,monthly,vw_cap,1,2686,1320,1975-10-31,0.0139614903931998
usa,fcf_me,monthly,vw_cap,1,2722,1348,1975-11-30,-0.00579444248729941
usa,fcf_me,monthly,vw_cap,1,2712,1339,1975-12-31,-0.0182902949769363
usa,fcf_me,monthly,vw_cap,1,2668,1303,1976-01-31,0.00427777853410016
usa,fcf_me,monthly,vw_cap,1,2651,1255,1976-02-29,0.00429075447496479
usa,fcf_me,monthly,vw_cap,1,2655,1224,1976-03-31,-0.00629364602073841
usa,fcf_me,monthly,vw_cap,1,2656,1220,1976-04-30,-0.0129077177424623
usa,fcf_me,monthly,vw_cap,1,2677,1193,1976-05-31,-0.0206416621799568
usa,fcf_me,monthly,vw_cap,1,2713,1194,1976-06-30,0.00261875262904031
usa,fcf_me,monthly,vw_cap,1,2727,1202,1976-07-31,-0.00306126642554243
usa,fcf_me,monthly,vw_cap,1,2562,1126,1976-08-31,-0.00809672410791968
usa,fcf_me,monthly,vw_cap,1,2541,1118,1976-09-30,-0.0066956762950684
usa,fcf_me,monthly,vw_cap,1,2719,1194,1976-10-31,-0.0109488092101073
usa,fcf_me,monthly,vw_cap,1,2682,1159,1976-11-30,0.00733968231418377
usa,fcf_me,monthly,vw_cap,1,2699,1189,1976-12-31,-0.000168234085418953
usa,fcf_me,monthly,vw_cap,1,2670,1185,1977-01-31,-0.0216916064443044
usa,fcf_me,monthly,vw_cap,1,2637,1191,1977-02-28,0.00427472859697377
usa,fcf_me,monthly,vw_cap,1,2648,1195,1977-03-31,-0.00137166053428368
usa,fcf_me,monthly,vw_cap,1,2629,1202,1977-04-30,-0.00610594159800305
usa,fcf_me,monthly,vw_cap,1,2665,1326,1977-05-31,-0.00344453961689273
usa,fcf_me,monthly,vw_cap,1,2669,1327,1977-06-30,0.00660133982227633
usa,fcf_me,monthly,vw_cap,1,2682,1320,1977-07-31,0.000762936132510158
usa,fcf_me,monthly,vw_cap,1,2666,1303,1977-08-31,0.0222192014240437
usa,fcf_me,monthly,vw_cap,1,2667,1290,1977-09-30,-0.00660733276429529
usa,fcf_me,monthly,vw_cap,1,2665,1276,1977-10-31,0.00427831348618708
usa,fcf_me,monthly,vw_cap,1,2681,1264,1977-11-30,0.015338063642403
usa,fcf_me,monthly,vw_cap,1,2674,1265,1977-12-31,0.00300157149232143
usa,fcf_me,monthly,vw_cap,1,2674,1290,1978-01-31,-0.00132368294311939
usa,fcf_me,monthly,vw_cap,1,2685,1291,1978-02-28,0.012919922148565
usa,fcf_me,monthly,vw_cap,1,2670,1272,1978-03-31,0.0158492023641328
usa,fcf_me,monthly,vw_cap,1,2648,1278,1978-04-30,0.0379708114521737
usa,fcf_me,monthly,vw_cap,1,2666,1325,1978-05-31,0.0199045683013132
usa,fcf_me,monthly,vw_cap,1,2645,1295,1978-06-30,0.0089442221396427
usa,fcf_me,monthly,vw_cap,1,2639,1288,1978-07-31,0.0211086997183615
usa,fcf_me,monthly,vw_cap,1,2599,1288,1978-08-31,0.00803097692708759
usa,fcf_me,monthly,vw_cap,1,2568,1256,1978-09-30,-0.0224220319312266
usa,fcf_me,monthly,vw_cap,1,2606,1274,1978-10-31,-0.0194857219167872
usa,fcf_me,monthly,vw_cap,1,2636,1316,1978-11-30,0.0069091545462124
usa,fcf_me,monthly,vw_cap,1,2644,1306,1978-12-31,0.0189588473042534
usa,fcf_me,monthly,vw_cap,1,2662,1301,1979-01-31,-0.0101065628589163
usa,fcf_me,monthly,vw_cap,1,2732,1350,1979-02-28,-0.0207596350776651
usa,fcf_me,monthly,vw_cap,1,2736,1341,1979-03-31,0.00113952467334977
usa,fcf_me,monthly,vw_cap,1,2741,1347,1979-04-30,0.0115653051954663
usa,fcf_me,monthly,vw_cap,1,2716,1337,1979-05-31,-0.00810447953350753
usa,fcf_me,monthly,vw_cap,1,2691,1310,1979-06-30,-0.0106221183226395
usa,fcf_me,monthly,vw_cap,1,2690,1308,1979-07-31,0.00686264712190032
usa,fcf_me,monthly,vw_cap,1,2697,1314,1979-08-31,0.0161616849923077
usa,fcf_me,monthly,vw_cap,1,2672,1308,1979-09-30,0.010797447719858
usa,fcf_me,monthly,vw_cap,1,2710,1343,1979-10-31,0.00389451077027492
usa,fcf_me,monthly,vw_cap,1,2720,1344,1979-11-30,0.00403027748769837
usa,fcf_me,monthly,vw_cap,1,2724,1361,1979-12-31,0.0212360910613069
usa,fcf_me,monthly,vw_cap,1,2706,1350,1980-01-31,0.020219471606178
usa,fcf_me,monthly,vw_cap,1,2702,1321,1980-02-29,0.000800198931425397
usa,fcf_me,monthly,vw_cap,1,2686,1317,1980-03-31,-0.00908920115943826
usa,fcf_me,monthly,vw_cap,1,2673,1307,1980-04-30,-0.0355930489058761
usa,fcf_me,monthly,vw_cap,1,2682,1301,1980-05-31,0.00431705104977281
usa,fcf_me,monthly,vw_cap,1,2695,1315,1980-06-30,0.00246350383378463
usa,fcf_me,monthly,vw_cap,1,2733,1324,1980-07-31,0.0386029286391732
usa,fcf_me,monthly,vw_cap,1,2738,1326,1980-08-31,0.0228755229713952
usa,fcf_me,monthly,vw_cap,1,2716,1305,1980-09-30,0.0388060152020446
usa,fcf_me,monthly,vw_cap,1,2710,1315,1980-10-31,0.00499350400585457
usa,fcf_me,monthly,vw_cap,1,2726,1306,1980-11-30,0.0465069317313469
usa,fcf_me,monthly,vw_cap,1,2759,1326,1980-12-31,-0.00839081586037593
usa,fcf_me,monthly,vw_cap,1,2791,1345,1981-01-31,-0.0435148358760418
usa,fcf_me,monthly,vw_cap,1,2793,1320,1981-02-28,0.00310747366372336
usa,fcf_me,monthly,vw_cap,1,2772,1294,1981-03-31,0.00317633452314257
usa,fcf_me,monthly,vw_cap,1,2787,1307,1981-04-30,0.0179413225275795
usa,fcf_me,monthly,vw_cap,1,2803,1243,1981-05-31,0.0217193495219449
usa,fcf_me,monthly,vw_cap,1,2782,1230,1981-06-30,-0.0323801232976547
usa,fcf_me,monthly,vw_cap,1,2791,1236,1981-07-31,-0.0233456264648062
usa,fcf_me,monthly,vw_cap,1,2816,1250,1981-08-31,-0.0116245859199527
usa,fcf_me,monthly,vw_cap,1,2812,1239,1981-09-30,0.0083357335519539
usa,fcf_me,monthly,vw_cap,1,2807,1243,1981-10-31,0.0210223071540134
usa,fcf_me,monthly,vw_cap,1,2845,1302,1981-11-30,-0.00931930820700313
usa,fcf_me,monthly,vw_cap,1,2824,1301,1981-12-31,0.00777593061627423
usa,fcf_me,monthly,vw_cap,1,2830,1293,1982-01-31,0.0106094922812435
usa,fcf_me,monthly,vw_cap,1,2858,1312,1982-02-28,-0.00399380892558068
usa,fcf_me,monthly,vw_cap,1,2852,1353,1982-03-31,-0.00163700532656366
usa,fcf_me,monthly,vw_cap,1,2807,1313,1982-04-30,0.00941044355837604
usa,fcf_me,monthly,vw_cap,1,2840,1407,1982-05-31,-0.0113152481885977
usa,fcf_me,monthly,vw_cap,1,2838,1394,1982-06-30,0.0240562870371563
usa,fcf_me,monthly,vw_cap,1,2843,1384,1982-07-31,0.0320482529872607
usa,fcf_me,monthly,vw_cap,1,2836,1370,1982-08-31,-0.00947127739189178
usa,fcf_me,monthly,vw_cap,1,2920,1381,1982-09-30,0.0312432437026524
usa,fcf_me,monthly,vw_cap,1,2920,1373,1982-10-31,0.0278065423910494
usa,fcf_me,monthly,vw_cap,1,2944,1370,1982-11-30,0.0473492286356757
usa,fcf_me,monthly,vw_cap,1,2972,1379,1982-12-31,-0.01620082656371
usa,fcf_me,monthly,vw_cap,1,2984,1381,1983-01-31,-0.00493800331547339
usa,fcf_me,monthly,vw_cap,1,2985,1380,1983-02-28,0.0392377231092531
usa,fcf_me,monthly,vw_cap,1,2971,1374,1983-03-31,0.00345792101793225
usa,fcf_me,monthly,vw_cap,1,2962,1371,1983-04-30,-0.00096323322239595
usa,fcf_me,monthly,vw_cap,1,3049,1400,1983-05-31,-0.0161688120356026
usa,fcf_me,monthly,vw_cap,1,3032,1445,1983-06-30,0.00897690413980402
usa,fcf_me,monthly,vw_cap,1,3053,1448,1983-07-31,-0.021512989841244
usa,fcf_me,monthly,vw_cap,1,3099,1513,1983-08-31,-0.0342460388099297
usa,fcf_me,monthly,vw_cap,1,3111,1521,1983-09-30,0.016966790102312
usa,fcf_me,monthly,vw_cap,1,3140,1498,1983-10-31,-0.00938648407260066
usa,fcf_me,monthly,vw_cap,1,3191,1552,1983-11-30,0.0265212731799333
usa,fcf_me,monthly,vw_cap,1,3199,1530,1983-12-31,-0.00355907138539192
usa,fcf_me,monthly,vw_cap,1,3212,1557,1984-01-31,-0.0388570496875649
usa,fcf_me,monthly,vw_cap,1,3215,1584,1984-02-29,-0.0178352982011679
usa,fcf_me,monthly,vw_cap,1,3254,1602,1984-03-31,0.00993221900445893
usa,fcf_me,monthly,vw_cap,1,3253,1594,1984-04-30,0.00921572262953124
usa,fcf_me,monthly,vw_cap,1,3433,1476,1984-05-31,-0.00363641163416666
usa,fcf_me,monthly,vw_cap,1,3426,1459,1984-06-30,0.0234061328503054
usa,fcf_me,monthly,vw_cap,1,3422,1446,1984-07-31,0.0109777963994059
usa,fcf_me,monthly,vw_cap,1,3455,1446,1984-08-31,-0.00561439012135485
usa,fcf_me,monthly,vw_cap,1,3453,1423,1984-09-30,-0.006372148947922
usa,fcf_me,monthly,vw_cap,1,3415,1404,1984-10-31,0.00753338804283391
usa,fcf_me,monthly,vw_cap,1,3475,1377,1984-11-30,0.0093778114262634
usa,fcf_me,monthly,vw_cap,1,3494,1359,1984-12-31,0.00409470046494343
usa,fcf_me,monthly,vw_cap,1,3475,1351,1985-01-31,0.00262564602022095
usa,fcf_me,monthly,vw_cap,1,3460,1341,1985-02-28,0.00724884966739842
usa,fcf_me,monthly,vw_cap,1,3403,1314,1985-03-31,-0.00461078032771169
usa,fcf_me,monthly,vw_cap,1,3394,1316,1985-04-30,0.00328348027381812
usa,fcf_me,monthly,vw_cap,1,3441,1330,1985-05-31,0.0215621267301386
usa,fcf_me,monthly,vw_cap,1,3436,1314,1985-06-30,0.00293454222187804
usa,fcf_me,monthly,vw_cap,1,3437,1325,1985-07-31,0.0040234995079923
usa,fcf_me,monthly,vw_cap,1,3397,1385,1985-08-31,0.00428206361855808
usa,fcf_me,monthly,vw_cap,1,3398,1398,1985-09-30,0.0246592433331911
usa,fcf_me,monthly,vw_cap,1,3404,1390,1985-10-31,0.0150521297600809
usa,fcf_me,monthly,vw_cap,1,3406,1427,1985-11-30,0.00611252454030347
usa,fcf_me,monthly,vw_cap,1,3424,1422,1985-12-31,0.00439955524783399
usa,fcf_me,monthly,vw_cap,1,3391,1415,1986-01-31,0.00549453340791138
usa,fcf_me,monthly,vw_cap,1,3350,1464,1986-02-28,0.00642872451403033
usa,fcf_me,monthly,vw_cap,1,3358,1445,1986-03-31,0.0148685184184754
usa,fcf_me,monthly,vw_cap,1,3371,1460,1986-04-30,0.0212744432726467
usa,fcf_me,monthly,vw_cap,1,3426,1504,1986-05-31,0.016174891319126
usa,fcf_me,monthly,vw_cap,1,3435,1513,1986-06-30,0.0156930722909889
usa,fcf_me,monthly,vw_cap,1,3500,1571,1986-07-31,-0.00477661482603453
usa,fcf_me,monthly,vw_cap,1,3549,1573,1986-08-31,-0.0101604219879625
usa,fcf_me,monthly,vw_cap,1,3584,1583,1986-09-30,-0.0202557938710793
usa,fcf_me,monthly,vw_cap,1,3566,1596,1986-10-31,0.0162372360097202
usa,fcf_me,monthly,vw_cap,1,3611,1623,1986-11-30,0.00932599102471856
usa,fcf_me,monthly,vw_cap,1,3615,1607,1986-12-31,0.00571726132877319
usa,fcf_me,monthly,vw_cap,1,3611,1592,1987-01-31,0.0225981115009165
usa,fcf_me,monthly,vw_cap,1,3639,1590,1987-02-28,0.0147440519648184
usa,fcf_me,monthly,vw_cap,1,3680,1617,1987-03-31,0.00692468622121832
usa,fcf_me,monthly,vw_cap,1,3667,1600,1987-04-30,-0.0041049440232576
usa,fcf_me,monthly,vw_cap,1,3711,1578,1987-05-31,-0.00842561356380312
usa,fcf_me,monthly,vw_cap,1,3745,1592,1987-06-30,0.00201718163224801
usa,fcf_me,monthly,vw_cap,1,3762,1625,1987-07-31,0.0130940114784458
usa,fcf_me,monthly,vw_cap,1,3728,1573,1987-08-31,0.000886846356886933
usa,fcf_me,monthly,vw_cap,1,3786,1583,1987-09-30,0.00556743215020675
usa,fcf_me,monthly,vw_cap,1,3800,1586,1987-10-31,0.0072124512698119
usa,fcf_me,monthly,vw_cap,1,3851,1528,1987-11-30,0.00391496476236559
usa,fcf_me,monthly,vw_cap,1,3823,1514,1987-12-31,0.00899919684562173
usa,fcf_me,monthly,vw_cap,1,3865,1516,1988-01-31,-0.0222472520910299
usa,fcf_me,monthly,vw_cap,1,3823,1496,1988-02-29,0.00286912832295314
usa,fcf_me,monthly,vw_cap,1,3825,1493,1988-03-31,-0.0101533095624738
usa,fcf_me,monthly,vw_cap,1,3776,1499,1988-04-30,0.00597061544095355
usa,fcf_me,monthly,vw_cap,1,3896,1435,1988-05-31,0.000739369372242935
usa,fcf_me,monthly,vw_cap,1,3883,1410,1988-06-30,-0.00312109062448751
usa,fcf_me,monthly,vw_cap,1,3919,1411,1988-07-31,-0.00521552465096869
usa,fcf_me,monthly,vw_cap,1,3870,1471,1988-08-31,0.00581833560943275
usa,fcf_me,monthly,vw_cap,1,3805,1443,1988-09-30,-0.00924302629291161
usa,fcf_me,monthly,vw_cap,1,3800,1425,1988-10-31,-0.0037780437429939
usa,fcf_me,monthly,vw_cap,1,3807,1448,1988-11-30,0.000213307268460319
usa,fcf_me,monthly,vw_cap,1,3755,1437,1988-12-31,0.0042040022684278
usa,fcf_me,monthly,vw_cap,1,3715,1424,1989-01-31,-0.00567900663531151
usa,fcf_me,monthly,vw_cap,1,3675,1444,1989-02-28,0.00258599870817415
usa,fcf_me,monthly,vw_cap,1,3647,1436,1989-03-31,0.00417759114896918
usa,fcf_me,monthly,vw_cap,1,3610,1425,1989-04-30,0.00310501235716626
usa,fcf_me,monthly,vw_cap,1,3855,1272,1989-05-31,-0.00551870284847662
usa,fcf_me,monthly,vw_cap,1,3866,1273,1989-06-30,0.0144560413221074
usa,fcf_me,monthly,vw_cap,1,3846,1292,1989-07-31,0.0172633357109937
usa,fcf_me,monthly,vw_cap,1,3766,1334,1989-08-31,0.000455522846863232
usa,fcf_me,monthly,vw_cap,1,3740,1336,1989-09-30,0.000998242435075019
usa,fcf_me,monthly,vw_cap,1,3736,1335,1989-10-31,0.0185674865910782
usa,fcf_me,monthly,vw_cap,1,3751,1367,1989-11-30,0.0124573746875057
usa,fcf_me,monthly,vw_cap,1,3763,1382,1989-12-31,0.00262529690777791
usa,fcf_me,monthly,vw_cap,1,3769,1395,1990-01-31,0.00199779630274734
usa,fcf_me,monthly,vw_cap,1,3728,1400,1990-02-28,-0.00158354509573488
usa,fcf_me,monthly,vw_cap,1,3705,1393,1990-03-31,-0.0190904060001131
usa,fcf_me,monthly,vw_cap,1,3694,1380,1990-04-30,-0.00398974509031842
usa,fcf_me,monthly,vw_cap,1,3909,1404,1990-05-31,-0.00440327691181211
usa,fcf_me,monthly,vw_cap,1,3944,1415,1990-06-30,0.00533210778062943
usa,fcf_me,monthly,vw_cap,1,3916,1414,1990-07-31,0.0326074517858757
usa,fcf_me,monthly,vw_cap,1,3920,1442,1990-08-31,0.01531587356837
usa,fcf_me,monthly,vw_cap,1,3927,1459,1990-09-30,0.0104400633574143
usa,fcf_me,monthly,vw_cap,1,3925,1457,1990-10-31,0.00997164535919283
usa,fcf_me,monthly,vw_cap,1,3921,1488,1990-11-30,0.0291293638804269
usa,fcf_me,monthly,vw_cap,1,3931,1500,1990-12-31,0.0250871898280542
usa,fcf_me,monthly,vw_cap,1,3932,1523,1991-01-31,0.0224926384724869
usa,fcf_me,monthly,vw_cap,1,3899,1523,1991-02-28,-0.0137807473351874
usa,fcf_me,monthly,vw_cap,1,3876,1520,1991-03-31,0.023969076576411
usa,fcf_me,monthly,vw_cap,1,3852,1510,1991-04-30,-0.00281446462013658
usa,fcf_me,monthly,vw_cap,1,3906,1536,1991-05-31,-0.0146656029652006
usa,fcf_me,monthly,vw_cap,1,3900,1559,1991-06-30,0.0194888643466829
usa,fcf_me,monthly,vw_cap,1,3895,1558,1991-07-31,-0.00314075451877295
usa,fcf_me,monthly,vw_cap,1,3856,1581,1991-08-31,0.00262639878334275
usa,fcf_me,monthly,vw_cap,1,3901,1587,1991-09-30,0.00875277799769289
usa,fcf_me,monthly,vw_cap,1,3897,1592,1991-10-31,-0.00904586728400992
usa,fcf_me,monthly,vw_cap,1,3912,1613,1991-11-30,0.0185550656725891
usa,fcf_me,monthly,vw_cap,1,3924,1638,1991-12-31,0.0213009490445288
usa,fcf_me,monthly,vw_cap,1,3959,1682,1992-01-31,-0.016113119847571
usa,fcf_me,monthly,vw_cap,1,3920,1702,1992-02-29,0.0262174499222328
usa,fcf_me,monthly,vw_cap,1,3907,1671,1992-03-31,0.0290097759562805
usa,fcf_me,monthly,vw_cap,1,3927,1637,1992-04-30,0.0372297918257956
usa,fcf_me,monthly,vw_cap,1,4027,1663,1992-05-31,-0.00318541498247042
usa,fcf_me,monthly,vw_cap,1,4026,1676,1992-06-30,0.0243020774119625
usa,fcf_me,monthly,vw_cap,1,4007,1664,1992-07-31,0.0170797488335519
usa,fcf_me,monthly,vw_cap,1,3997,1628,1992-08-31,0.00880564532529688
usa,fcf_me,monthly,vw_cap,1,3992,1609,1992-09-30,0.0166867486053355
usa,fcf_me,monthly,vw_cap,1,4008,1629,1992-10-31,0.00910829495961613
usa,fcf_me,monthly,vw_cap,1,4055,1636,1992-11-30,-0.00462199693855409
usa,fcf_me,monthly,vw_cap,1,4054,1620,1992-12-31,0.0126707366793621
usa,fcf_me,monthly,vw_cap,1,4068,1625,1993-01-31,0.00671410473726484
usa,fcf_me,monthly,vw_cap,1,4063,1606,1993-02-28,0.0241139315105978
usa,fcf_me,monthly,vw_cap,1,4058,1602,1993-03-31,-0.00163614094139336
usa,fcf_me,monthly,vw_cap,1,4069,1598,1993-04-30,-0.00250575429269088
usa,fcf_me,monthly,vw_cap,1,4130,1571,1993-05-31,-0.0190277872544072
usa,fcf_me,monthly,vw_cap,1,4154,1604,1993-06-30,0.0168613461693838
usa,fcf_me,monthly,vw_cap,1,4191,1628,1993-07-31,0.00440920766367771
usa,fcf_me,monthly,vw_cap,1,4232,1651,1993-08-31,-0.0155046828064672
usa,fcf_me,monthly,vw_cap,1,4286,1669,1993-09-30,-0.00815397746767947
usa,fcf_me,monthly,vw_cap,1,4275,1677,1993-10-31,0.00134191593700643
usa,fcf_me,monthly,vw_cap,1,4285,1680,1993-11-30,0.00167134079466255
usa,fcf_me,monthly,vw_cap,1,4328,1681,1993-12-31,0.00790716066915475
usa,fcf_me,monthly,vw_cap,1,4386,1696,1994-01-31,-0.0124661163405751
usa,fcf_me,monthly,vw_cap,1,4401,1694,1994-02-28,0.0124064755677038
usa,fcf_me,monthly,vw_cap,1,4404,1680,1994-03-31,0.020451228668365
usa,fcf_me,monthly,vw_cap,1,4415,1667,1994-04-30,0.0134864438512292
usa,fcf_me,monthly,vw_cap,1,4587,1680,1994-05-31,0.00803793893850609
usa,fcf_me,monthly,vw_cap,1,4611,1704,1994-06-30,0.0205485968730121
usa,fcf_me,monthly,vw_cap,1,4618,1683,1994-07-31,0.00325946155354133
usa,fcf_me,monthly,vw_cap,1,4593,1671,1994-08-31,-0.00698982055549301
usa,fcf_me,monthly,vw_cap,1,4609,1669,1994-09-30,-0.00758473813740145
usa,fcf_me,monthly,vw_cap,1,4602,1654,1994-10-31,0.0158032992846285
usa,fcf_me,monthly,vw_cap,1,4664,1661,1994-11-30,0.0228738843271795
usa,fcf_me,monthly,vw_cap,1,4708,1684,1994-12-31,0.0276053154010299
usa,fcf_me,monthly,vw_cap,1,4709,1682,1995-01-31,0.0287824430414291
usa,fcf_me,monthly,vw_cap,1,4696,1641,1995-02-28,0.00510379434887825
usa,fcf_me,monthly,vw_cap,1,4720,1645,1995-03-31,0.00630045682065683
usa,fcf_me,monthly,vw_cap,1,4707,1659,1995-04-30,0.00588008566908105
usa,fcf_me,monthly,vw_cap,1,4818,1677,1995-05-31,0.0172713513614912
usa,fcf_me,monthly,vw_cap,1,4780,1676,1995-06-30,-0.0169157560686963
usa,fcf_me,monthly,vw_cap,1,4800,1703,1995-07-31,-0.0136624593166483
usa,fcf_me,monthly,vw_cap,1,4795,1695,1995-08-31,0.00893972706418726
usa,fcf_me,monthly,vw_cap,1,4771,1689,1995-09-30,0.0251354995205257
usa,fcf_me,monthly,vw_cap,1,4781,1702,1995-10-31,0.0467208555039145
usa,fcf_me,monthly,vw_cap,1,4804,1680,1995-11-30,0.00413341325204674
usa,fcf_me,monthly,vw_cap,1,4814,1665,1995-12-31,0.00392749139988545
usa,fcf_me,monthly,vw_cap,1,4835,1698,1996-01-31,0.00983746985669184
usa,fcf_me,monthly,vw_cap,1,4864,1735,1996-02-29,-0.0100245524727327
usa,fcf_me,monthly,vw_cap,1,4883,1747,1996-03-31,-0.0122257802612191
usa,fcf_me,monthly,vw_cap,1,4861,1742,1996-04-30,-0.0296106336902892
usa,fcf_me,monthly,vw_cap,1,4929,1813,1996-05-31,-0.00845597238157077
usa,fcf_me,monthly,vw_cap,1,4970,1821,1996-06-30,0.0474932668055302
usa,fcf_me,monthly,vw_cap,1,5012,1841,1996-07-31,0.0529113589362319
usa,fcf_me,monthly,vw_cap,1,5113,1856,1996-08-31,-0.0191222522775822
usa,fcf_me,monthly,vw_cap,1,5144,1888,1996-09-30,-0.00457052521856213
usa,fcf_me,monthly,vw_cap,1,5166,1907,1996-10-31,0.0402509312892897
usa,fcf_me,monthly,vw_cap,1,5210,1882,1996-11-30,0.00593374475522728
usa,fcf_me,monthly,vw_cap,1,5258,1911,1996-12-31,0.0131677253446423
usa,fcf_me,monthly,vw_cap,1,5275,1919,1997-01-31,-0.0141886637802591
usa,fcf_me,monthly,vw_cap,1,5210,1893,1997-02-28,0.0379104582234757
usa,fcf_me,monthly,vw_cap,1,5247,1884,1997-03-31,0.0281227080802194
usa,fcf_me,monthly,vw_cap,1,5249,1861,1997-04-30,0.0328860188830518
usa,fcf_me,monthly,vw_cap,1,5347,1933,1997-05-31,-0.0207045983639812
usa,fcf_me,monthly,vw_cap,1,5363,1936,1997-06-30,0.00701982232911064
usa,fcf_me,monthly,vw_cap,1,5358,1944,1997-07-31,0.00694966365882885
usa,fcf_me,monthly,vw_cap,1,5397,1973,1997-08-31,-0.0167007572275516
usa,fcf_me,monthly,vw_cap,1,5371,1929,1997-09-30,-0.0210326155895596
usa,fcf_me,monthly,vw_cap,1,5342,1931,1997-10-31,0.0246904359278801
usa,fcf_me,monthly,vw_cap,1,5365,1918,1997-11-30,0.0608928016992406
usa,fcf_me,monthly,vw_cap,1,5405,1929,1997-12-31,0.0469097832555038
usa,fcf_me,monthly,vw_cap,1,5394,1951,1998-01-31,0.00255166225910302
usa,fcf_me,monthly,vw_cap,1,5372,1915,1998-02-28,-0.0083079101596483
usa,fcf_me,monthly,vw_cap,1,5359,1918,1998-03-31,0.00185379077798536
usa,fcf_me,monthly,vw_cap,1,5306,1899,1998-04-30,-0.00348687716271884
usa,fcf_me,monthly,vw_cap,1,5326,1875,1998-05-31,0.0294893709380097
usa,fcf_me,monthly,vw_cap,1,5330,1845,1998-06-30,0.0255349325900143
usa,fcf_me,monthly,vw_cap,1,5328,1861,1998-07-31,0.0259191402535166
usa,fcf_me,monthly,vw_cap,1,5319,1864,1998-08-31,0.102139064086718
usa,fcf_me,monthly,vw_cap,1,5342,1854,1998-09-30,-0.0215344163580007
usa,fcf_me,monthly,vw_cap,1,5290,1865,1998-10-31,0.00563347084489579
usa,fcf_me,monthly,vw_cap,1,5236,1817,1998-11-30,-0.00317632449102193
usa,fcf_me,monthly,vw_cap,1,5183,1825,1998-12-31,-0.00848625374777476
usa,fcf_me,monthly,vw_cap,1,5151,1809,1999-01-31,-0.0693823729586606
usa,fcf_me,monthly,vw_cap,1,5047,1815,1999-02-28,0.0257280511512181
usa,fcf_me,monthly,vw_cap,1,5005,1802,1999-03-31,-0.0511253465751483
usa,fcf_me,monthly,vw_cap,1,4958,1812,1999-04-30,-0.0155266129380788
usa,fcf_me,monthly,vw_cap,1,4953,1810,1999-05-31,0.0266109215107113
usa,fcf_me,monthly,vw_cap,1,4961,1810,1999-06-30,-0.0205385530168655
usa,fcf_me,monthly,vw_cap,1,4935,1834,1999-07-31,-0.00534119283844798
usa,fcf_me,monthly,vw_cap,1,4920,1850,1999-08-31,-0.0167177947688176
usa,fcf_me,monthly,vw_cap,1,4887,1832,1999-09-30,-0.0222228049119112
usa,fcf_me,monthly,vw_cap,1,4897,1863,1999-10-31,0.000819657822900666
usa,fcf_me,monthly,vw_cap,1,4926,1910,1999-11-30,-0.0688785622377506
usa,fcf_me,monthly,vw_cap,1,4879,1913,1999-12-31,-0.0789993198260369
usa,fcf_me,monthly,vw_cap,1,4851,1960,2000-01-31,-0.0700984307286173
usa,fcf_me,monthly,vw_cap,1,4755,1961,2000-02-29,-0.164187426165366
usa,fcf_me,monthly,vw_cap,1,4733,1987,2000-03-31,0.0936352417412521
usa,fcf_me,monthly,vw_cap,1,4749,2008,2000-04-30,0.123413721197527
usa,fcf_me,monthly,vw_cap,1,4782,2006,2000-05-31,0.0912336709084188
usa,fcf_me,monthly,vw_cap,1,4787,1966,2000-06-30,-0.103319652484794
usa,fcf_me,monthly,vw_cap,1,4761,1985,2000-07-31,0.0541141514205028
usa,fcf_me,monthly,vw_cap,1,4774,1924,2000-08-31,-0.0301710095458977
usa,fcf_me,monthly,vw_cap,1,4819,1955,2000-09-30,0.0746722987453608
usa,fcf_me,monthly,vw_cap,1,4809,1925,2000-10-31,0.11105116433226
usa,fcf_me,monthly,vw_cap,1,4770,1894,2000-11-30,0.162453244083645
usa,fcf_me,monthly,vw_cap,1,4759,1826,2000-12-31,0.0218668361273989
usa,fcf_me,monthly,vw_cap,1,4767,1794,2001-01-31,-0.0686623559690071
usa,fcf_me,monthly,vw_cap,1,4669,1803,2001-02-28,0.124067190945974
usa,fcf_me,monthly,vw_cap,1,4652,1748,2001-03-31,0.0797936716695325
usa,fcf_me,monthly,vw_cap,1,4597,1704,2001-04-30,-0.0380132453440078
usa,fcf_me,monthly,vw_cap,1,4566,1696,2001-05-31,0.0208067916211448
usa,fcf_me,monthly,vw_cap,1,4512,1703,2001-06-30,0.0285706521091617
usa,fcf_me,monthly,vw_cap,1,4458,1698,2001-07-31,0.07666543911806
usa,fcf_me,monthly,vw_cap,1,4403,1693,2001-08-31,0.0645642120859664
usa,fcf_me,monthly,vw_cap,1,4372,1648,2001-09-30,0.0647991393649144
usa,fcf_me,monthly,vw_cap,1,4334,1627,2001-10-31,-0.0272498759336806
usa,fcf_me,monthly,vw_cap,1,4287,1664,2001-11-30,-0.016731385084263
usa,fcf_me,monthly,vw_cap,1,4234,1684,2001-12-31,0.0107981566742064
usa,fcf_me,monthly,vw_cap,1,4200,1690,2002-01-31,0.066420574462142
usa,fcf_me,monthly,vw_cap,1,4129,1654,2002-02-28,0.0912904654608749
usa,fcf_me,monthly,vw_cap,1,4131,1626,2002-03-31,-0.0141534029699197
usa,fcf_me,monthly,vw_cap,1,4111,1623,2002-04-30,0.056291187809647
usa,fcf_me,monthly,vw_cap,1,4148,1649,2002-05-31,0.0463479555050173
usa,fcf_me,monthly,vw_cap,1,4136,1634,2002-06-30,0.0567768409320739
usa,fcf_me,monthly,vw_cap,1,4123,1612,2002-07-31,0.0436513326138518
usa,fcf_me,monthly,vw_cap,1,4090,1596,2002-08-31,0.00176733510954553
usa,fcf_me,monthly,vw_cap,1,4058,1607,2002-09-30,0.0166418682618155
usa,fcf_me,monthly,vw_cap,1,4032,1596,2002-10-31,-0.000462276210563495
usa,fcf_me,monthly,vw_cap,1,3988,1624,2002-11-30,-0.0277614500187156
usa,fcf_me,monthly,vw_cap,1,3931,1609,2002-12-31,0.0333860876135592
usa,fcf_me,monthly,vw_cap,1,3917,1593,2003-01-31,-0.012155561034167
usa,fcf_me,monthly,vw_cap,1,3863,1594,2003-02-28,-0.0146020355362832
usa,fcf_me,monthly,vw_cap,1,3822,1579,2003-03-31,-0.0142336710046827
usa,fcf_me,monthly,vw_cap,1,3767,1568,2003-04-30,-0.00846328702051848
usa,fcf_me,monthly,vw_cap,1,3794,1543,2003-05-31,-0.0436876445055907
usa,fcf_me,monthly,vw_cap,1,3751,1562,2003-06-30,-0.0022011053564858
usa,fcf_me,monthly,vw_cap,1,3708,1539,2003-07-31,0.00148503835263734
usa,fcf_me,monthly,vw_cap,1,3697,1514,2003-08-31,-0.0271605218982152
usa,fcf_me,monthly,vw_cap,1,3654,1493,2003-09-30,0.00182140286040689
usa,fcf_me,monthly,vw_cap,1,3626,1473,2003-10-31,-0.0229354273203369
usa,fcf_me,monthly,vw_cap,1,3576,1433,2003-11-30,0.000838780184033841
usa,fcf_me,monthly,vw_cap,1,3571,1427,2003-12-31,0.0278687910992536
usa,fcf_me,monthly,vw_cap,1,3560,1416,2004-01-31,-0.016599584947986
usa,fcf_me,monthly,vw_cap,1,3515,1411,2004-02-29,0.015427550738013
usa,fcf_me,monthly,vw_cap,1,3549,1410,2004-03-31,0.0107868772901009
usa,fcf_me,monthly,vw_cap,1,3560,1414,2004-04-30,0.0376291703741222
usa,fcf_me,monthly,vw_cap,1,3591,1381,2004-05-31,-0.00545157935754571
usa,fcf_me,monthly,vw_cap,1,3607,1403,2004-06-30,0.00459266945723374
usa,fcf_me,monthly,vw_cap,1,3599,1390,2004-07-31,0.0352810981019223
usa,fcf_me,monthly,vw_cap,1,3654,1373,2004-08-31,0.015360629241756
usa,fcf_me,monthly,vw_cap,1,3641,1345,2004-09-30,-0.0264871002336974
usa,fcf_me,monthly,vw_cap,1,3624,1339,2004-10-31,0.000230644887338996
usa,fcf_me,monthly,vw_cap,1,3643,1363,2004-11-30,-0.00109684513202045
usa,fcf_me,monthly,vw_cap,1,3647,1328,2004-12-31,0.0000717739567516682
usa,fcf_me,monthly,vw_cap,1,3611,1298,2005-01-31,0.0148723227820075
usa,fcf_me,monthly,vw_cap,1,3639,1256,2005-02-28,-0.00162406427184537
usa,fcf_me,monthly,vw_cap,1,3620,1254,2005-03-31,0.0206391541248047
usa,fcf_me,monthly,vw_cap,1,3632,1241,2005-04-30,0.0220141661773062
usa,fcf_me,monthly,vw_cap,1,4063,1451,2005-05-31,-0.017477520545197
usa,fcf_me,monthly,vw_cap,1,4067,1464,2005-06-30,-0.0143344093583206
usa,fcf_me,monthly,vw_cap,1,4066,1460,2005-07-31,-0.0161830359691362
usa,fcf_me,monthly,vw_cap,1,4056,1471,2005-08-31,-0.00844698330181672
usa,fcf_me,monthly,vw_cap,1,4023,1461,2005-09-30,-0.0161505935467708
usa,fcf_me,monthly,vw_cap,1,4001,1474,2005-10-31,0.0205640916958775
usa,fcf_me,monthly,vw_cap,1,3995,1461,2005-11-30,-0.000148398476082605
usa,fcf_me,monthly,vw_cap,1,3972,1464,2005-12-31,-0.0126303068066143
usa,fcf_me,monthly,vw_cap,1,3943,1472,2006-01-31,-0.0440228195793199
usa,fcf_me,monthly,vw_cap,1,3936,1466,2006-02-28,0.0252807785652053
usa,fcf_me,monthly,vw_cap,1,3938,1484,2006-03-31,-0.0142565963196871
usa,fcf_me,monthly,vw_cap,1,3919,1471,2006-04-30,-0.00588327316464142
usa,fcf_me,monthly,vw_cap,1,3969,1504,2006-05-31,0.0159257144922229
usa,fcf_me,monthly,vw_cap,1,3962,1493,2006-06-30,0.00214154519036282
usa,fcf_me,monthly,vw_cap,1,3942,1476,2006-07-31,0.018249769621753
usa,fcf_me,monthly,vw_cap,1,3926,1466,2006-08-31,0.0184590354961294
usa,fcf_me,monthly,vw_cap,1,3911,1473,2006-09-30,0.0217892691645369
usa,fcf_me,monthly,vw_cap,1,3924,1486,2006-10-31,-0.018247043759233
usa,fcf_me,monthly,vw_cap,1,3937,1488,2006-11-30,-0.0205486529243147
usa,fcf_me,monthly,vw_cap,1,3935,1506,2006-12-31,0.0175028232490179
usa,fcf_me,monthly,vw_cap,1,3919,1490,2007-01-31,-0.00654837350010642
usa,fcf_me,monthly,vw_cap,1,3888,1463,2007-02-28,0.00567130725666457
usa,fcf_me,monthly,vw_cap,1,3870,1450,2007-03-31,-0.00257257800799513
usa,fcf_me,monthly,vw_cap,1,3837,1466,2007-04-30,-0.000627325614880762
usa,fcf_me,monthly,vw_cap,1,3875,1465,2007-05-31,0.000793780208113846
usa,fcf_me,monthly,vw_cap,1,3897,1483,2007-06-30,-0.000578970287669851
usa,fcf_me,monthly,vw_cap,1,3875,1468,2007-07-31,-0.00990422301367922
usa,fcf_me,monthly,vw_cap,1,3826,1444,2007-08-31,0.0056099493711144
usa,fcf_me,monthly,vw_cap,1,3845,1479,2007-09-30,-0.0321729424406287
usa,fcf_me,monthly,vw_cap,1,3834,1496,2007-10-31,-0.0360160879937597
usa,fcf_me,monthly,vw_cap,1,3817,1505,2007-11-30,0.0170537391068106
usa,fcf_me,monthly,vw_cap,1,3802,1515,2007-12-31,-0.0115484876350721
usa,fcf_me,monthly,vw_cap,1,3799,1527,2008-01-31,0.0269317691328884
usa,fcf_me,monthly,vw_cap,1,3819,1522,2008-02-29,-0.0273230293627933
usa,fcf_me,monthly,vw_cap,1,3778,1482,2008-03-31,0.00622479857310687
usa,fcf_me,monthly,vw_cap,1,3766,1473,2008-04-30,-0.0205591917258583
usa,fcf_me,monthly,vw_cap,1,3818,1538,2008-05-31,-0.0143483810825263
usa,fcf_me,monthly,vw_cap,1,3787,1549,2008-06-30,-0.0536237907937734
usa,fcf_me,monthly,vw_cap,1,3763,1544,2008-07-31,0.0664031512633294
usa,fcf_me,monthly,vw_cap,1,3777,1554,2008-08-31,0.0331218059399413
usa,fcf_me,monthly,vw_cap,1,3760,1541,2008-09-30,0.0590867299986909
usa,fcf_me,monthly,vw_cap,1,3742,1507,2008-10-31,0.00349979353818489
usa,fcf_me,monthly,vw_cap,1,3736,1517,2008-11-30,-0.00372881670322686
usa,fcf_me,monthly,vw_cap,1,3721,1520,2008-12-31,0.0430832682450353
usa,fcf_me,monthly,vw_cap,1,3710,1537,2009-01-31,-0.065662253836863
usa,fcf_me,monthly,vw_cap,1,3696,1582,2009-02-28,-0.0050866485543459
usa,fcf_me,monthly,vw_cap,1,3672,1595,2009-03-31,0.0341387010804186
usa,fcf_me,monthly,vw_cap,1,3639,1589,2009-04-30,0.0646994228512132
usa,fcf_me,monthly,vw_cap,1,3658,1546,2009-05-31,-0.004232899538384
usa,fcf_me,monthly,vw_cap,1,3618,1533,2009-06-30,0.0146825763237788
usa,fcf_me,monthly,vw_cap,1,3598,1534,2009-07-31,0.0207705403370264
usa,fcf_me,monthly,vw_cap,1,3554,1548,2009-08-31,0.0224404215776424
usa,fcf_me,monthly,vw_cap,1,3566,1576,2009-09-30,-0.0242228123842799
usa,fcf_me,monthly,vw_cap,1,3559,1576,2009-10-31,0.0169469547701188
usa,fcf_me,monthly,vw_cap,1,3566,1564,2009-11-30,-0.00277121727525281
usa,fcf_me,monthly,vw_cap,1,3567,1592,2009-12-31,-0.0180401687179607
usa,fcf_me,monthly,vw_cap,1,3513,1574,2010-01-31,0.0280538600188362
usa,fcf_me,monthly,vw_cap,1,3486,1581,2010-02-28,0.00287096227037029
usa,fcf_me,monthly,vw_cap,1,3466,1572,2010-03-31,0.015493666155566
usa,fcf_me,monthly,vw_cap,1,3457,1577,2010-04-30,-0.00755485317467138
usa,fcf_me,monthly,vw_cap,1,3400,1447,2010-05-31,0.0136791934753911
usa,fcf_me,monthly,vw_cap,1,3420,1451,2010-06-30,-0.0155098186152342
usa,fcf_me,monthly,vw_cap,1,3427,1471,2010-07-31,-0.0000580715538016224
usa,fcf_me,monthly,vw_cap,1,3424,1506,2010-08-31,-0.0322461962943442
usa,fcf_me,monthly,vw_cap,1,3406,1514,2010-09-30,0.012112047010643
usa,fcf_me,monthly,vw_cap,1,3392,1520,2010-10-31,-0.00854304075318313
usa,fcf_me,monthly,vw_cap,1,3372,1491,2010-11-30,-0.0231619500578853
usa,fcf_me,monthly,vw_cap,1,3362,1486,2010-12-31,0.0013557682098008
usa,fcf_me,monthly,vw_cap,1,3332,1472,2011-01-31,0.000120336736503534
usa,fcf_me,monthly,vw_cap,1,3342,1469,2011-02-28,-0.017005011296383
usa,fcf_me,monthly,vw_cap,1,3308,1445,2011-03-31,-0.00958795929749769
usa,fcf_me,monthly,vw_cap,1,3296,1458,2011-04-30,0.00905232089169035
usa,fcf_me,monthly,vw_cap,1,3379,1542,2011-05-31,0.0203180607406441
usa,fcf_me,monthly,vw_cap,1,3374,1540,2011-06-30,0.00813338032580621
usa,fcf_me,monthly,vw_cap,1,3359,1531,2011-07-31,-0.01907387011648
usa,fcf_me,monthly,vw_cap,1,3358,1528,2011-08-31,0.0163793907020341
usa,fcf_me,monthly,vw_cap,1,3349,1509,2011-09-30,0.0469186961037733
usa,fcf_me,monthly,vw_cap,1,3346,1492,2011-10-31,0.00183087928438405
usa,fcf_me,monthly,vw_cap,1,3347,1498,2011-11-30,0.00180063373401867
usa,fcf_me,monthly,vw_cap,1,3333,1502,2011-12-31,0.0265351203586011
usa,fcf_me,monthly,vw_cap,1,3314,1477,2012-01-31,0.0127079267585708
usa,fcf_me,monthly,vw_cap,1,3319,1499,2012-02-29,-0.00595745193637429
usa,fcf_me,monthly,vw_cap,1,3316,1492,2012-03-31,0.0324593189886237
usa,fcf_me,monthly,vw_cap,1,3306,1490,2012-04-30,-0.00209680281313063
usa,fcf_me,monthly,vw_cap,1,3316,1469,2012-05-31,0.013607835664935
usa,fcf_me,monthly,vw_cap,1,3319,1455,2012-06-30,0.00621384384164549
usa,fcf_me,monthly,vw_cap,1,3302,1462,2012-07-31,-0.00999226974462113
usa,fcf_me,monthly,vw_cap,1,3276,1451,2012-08-31,0.00717523387264961
usa,fcf_me,monthly,vw_cap,1,3267,1449,2012-09-30,-0.0031944809300294
usa,fcf_me,monthly,vw_cap,1,3242,1442,2012-10-31,0.012684282123596
usa,fcf_me,monthly,vw_cap,1,3219,1440,2012-11-30,0.0202023058685924
usa,fcf_me,monthly,vw_cap,1,3220,1468,2012-12-31,0.00346285773066935
usa,fcf_me,monthly,vw_cap,1,3205,1448,2013-01-31,0.0091052075611295
usa,fcf_me,monthly,vw_cap,1,3205,1427,2013-02-28,0.0180590640818001
usa,fcf_me,monthly,vw_cap,1,3196,1412,2013-03-31,0.0103851166101197
usa,fcf_me,monthly,vw_cap,1,3201,1418,2013-04-30,0.0129725955386927
usa,fcf_me,monthly,vw_cap,1,3209,1411,2013-05-31,0.0209676465953614
usa,fcf_me,monthly,vw_cap,1,3210,1410,2013-06-30,0.0104930612562383
usa,fcf_me,monthly,vw_cap,1,3185,1380,2013-07-31,0.00127809528196304
usa,fcf_me,monthly,vw_cap,1,3173,1397,2013-08-31,-0.0170073779070345
usa,fcf_me,monthly,vw_cap,1,3167,1390,2013-09-30,-0.00550754650695354
usa,fcf_me,monthly,vw_cap,1,3188,1398,2013-10-31,0.0223484374494082
usa,fcf_me,monthly,vw_cap,1,3230,1424,2013-11-30,0.0298018165210323
usa,fcf_me,monthly,vw_cap,1,3217,1395,2013-12-31,-0.000335906128994735
usa,fcf_me,monthly,vw_cap,1,3210,1402,2014-01-31,-0.0329463662277117
usa,fcf_me,monthly,vw_cap,1,3223,1432,2014-02-28,-0.011723905937698
usa,fcf_me,monthly,vw_cap,1,3233,1440,2014-03-31,0.0353000132231132
usa,fcf_me,monthly,vw_cap,1,3237,1430,2014-04-30,0.0102249153318468
usa,fcf_me,monthly,vw_cap,1,3278,1408,2014-05-31,0.00612193985533062
usa,fcf_me,monthly,vw_cap,1,3296,1421,2014-06-30,-0.0339101324550383
usa,fcf_me,monthly,vw_cap,1,3299,1430,2014-07-31,0.0288500707229253
usa,fcf_me,monthly,vw_cap,1,3289,1387,2014-08-31,-0.00703316396998931
usa,fcf_me,monthly,vw_cap,1,3287,1396,2014-09-30,0.0331059643801764
usa,fcf_me,monthly,vw_cap,1,3300,1391,2014-10-31,0.0342147889401486
usa,fcf_me,monthly,vw_cap,1,3296,1371,2014-11-30,0.0421805446757779
usa,fcf_me,monthly,vw_cap,1,3325,1396,2014-12-31,0.00486406275674806
usa,fcf_me,monthly,vw_cap,1,3301,1377,2015-01-31,-0.0202580923444309
usa,fcf_me,monthly,vw_cap,1,3292,1342,2015-02-28,0.00944522791505761
usa,fcf_me,monthly,vw_cap,1,3296,1354,2015-03-31,0.00135392490458249
usa,fcf_me,monthly,vw_cap,1,3283,1346,2015-04-30,-0.0115960890794841
usa,fcf_me,monthly,vw_cap,1,3332,1336,2015-05-31,0.0101936438788312
usa,fcf_me,monthly,vw_cap,1,3314,1326,2015-06-30,0.0116669500175908
usa,fcf_me,monthly,vw_cap,1,3333,1333,2015-07-31,0.0328483472680787
usa,fcf_me,monthly,vw_cap,1,3343,1335,2015-08-31,0.00597861912695786
usa,fcf_me,monthly,vw_cap,1,3331,1324,2015-09-30,0.0391488212238366
usa,fcf_me,monthly,vw_cap,1,3311,1298,2015-10-31,0.0114429052720247
usa,fcf_me,monthly,vw_cap,1,3314,1323,2015-11-30,0.00363873089863307
usa,fcf_me,monthly,vw_cap,1,3306,1321,2015-12-31,0.00537089387812239
usa,fcf_me,monthly,vw_cap,1,3283,1302,2016-01-31,0.0280750188471625
usa,fcf_me,monthly,vw_cap,1,3266,1274,2016-02-29,0.0226255170345095
usa,fcf_me,monthly,vw_cap,1,3242,1276,2016-03-31,-0.012859578600726
usa,fcf_me,monthly,vw_cap,1,3246,1279,2016-04-30,-0.0337409464654165
usa,fcf_me,monthly,vw_cap,1,3256,1305,2016-05-31,-0.00180251524130889
usa,fcf_me,monthly,vw_cap,1,3255,1305,2016-06-30,-0.0347089206476098
usa,fcf_me,monthly,vw_cap,1,3252,1307,2016-07-31,0.00679620427528928
usa,fcf_me,monthly,vw_cap,1,3236,1305,2016-08-31,0.0200332848273774
usa,fcf_me,monthly,vw_cap,1,3222,1294,2016-09-30,-0.0173121308354326
usa,fcf_me,monthly,vw_cap,1,3194,1281,2016-10-31,0.0324575802051962
usa,fcf_me,monthly,vw_cap,1,3236,1314,2016-11-30,0.0350826030549098
usa,fcf_me,monthly,vw_cap,1,3220,1302,2016-12-31,0.0158529445385879
usa,fcf_me,monthly,vw_cap,1,3190,1255,2017-01-31,-0.0064750493323574
usa,fcf_me,monthly,vw_cap,1,3203,1271,2017-02-28,0.0157896439646002
usa,fcf_me,monthly,vw_cap,1,3169,1268,2017-03-31,-0.00939112862135746
usa,fcf_me,monthly,vw_cap,1,3169,1263,2017-04-30,-0.00261810191219951
usa,fcf_me,monthly,vw_cap,1,3201,1257,2017-05-31,-0.0183124940863424
usa,fcf_me,monthly,vw_cap,1,3196,1261,2017-06-30,0.0213656952190723
usa,fcf_me,monthly,vw_cap,1,3186,1247,2017-07-31,0.000262782016809848
usa,fcf_me,monthly,vw_cap,1,3194,1279,2017-08-31,-0.0217956159473715
usa,fcf_me,monthly,vw_cap,1,3176,1287,2017-09-30,0.00818586129650351
usa,fcf_me,monthly,vw_cap,1,3170,1270,2017-10-31,-0.00462518560700305
usa,fcf_me,monthly,vw_cap,1,3179,1248,2017-11-30,0.0173767207138866
usa,fcf_me,monthly,vw_cap,1,3176,1247,2017-12-31,0.0133495703223393
usa,fcf_me,monthly,vw_cap,1,3170,1244,2018-01-31,0.014641085103318
usa,fcf_me,monthly,vw_cap,1,3173,1250,2018-02-28,0.00495020727570349
usa,fcf_me,monthly,vw_cap,1,3162,1246,2018-03-31,-0.0156323733007722
usa,fcf_me,monthly,vw_cap,1,3150,1230,2018-04-30,-0.00973842133077599
usa,fcf_me,monthly,vw_cap,1,3175,1237,2018-05-31,-0.024607248944837
usa,fcf_me,monthly,vw_cap,1,3182,1235,2018-06-30,-0.0114430130117739
usa,fcf_me,monthly,vw_cap,1,3195,1237,2018-07-31,0.0164374893815522
usa,fcf_me,monthly,vw_cap,1,3209,1240,2018-08-31,-0.0260442334144888
usa,fcf_me,monthly,vw_cap,1,3200,1237,2018-09-30,-0.0101193133126577
usa,fcf_me,monthly,vw_cap,1,3209,1247,2018-10-31,0.0357070109749894
usa,fcf_me,monthly,vw_cap,1,3190,1233,2018-11-30,0.0147748115856174
usa,fcf_me,monthly,vw_cap,1,3201,1251,2018-12-31,0.00585642627076376
usa,fcf_me,monthly,vw_cap,1,3176,1231,2019-01-31,-0.0176555023785044
usa,fcf_me,monthly,vw_cap,1,3171,1221,2019-02-28,-0.0125320532028829
usa,fcf_me,monthly,vw_cap,1,3169,1227,2019-03-31,-0.0259385919550325
usa,fcf_me,monthly,vw_cap,1,3158,1239,2019-04-30,0.0305116511860049
usa,fcf_me,monthly,vw_cap,1,3221,1250,2019-05-31,-0.034964094417402
usa,fcf_me,monthly,vw_cap,1,3208,1248,2019-06-30,0.00610477192444563
usa,fcf_me,monthly,vw_cap,1,3224,1257,2019-07-31,0.0161668320023936
usa,fcf_me,monthly,vw_cap,1,3232,1230,2019-08-31,-0.0224174188640324
usa,fcf_me,monthly,vw_cap,1,3213,1227,2019-09-30,0.0736995993568315
usa,fcf_me,monthly,vw_cap,1,3213,1228,2019-10-31,0.000456081826078113
usa,fcf_me,monthly,vw_cap,1,3200,1216,2019-11-30,-0.00593932720214311
usa,fcf_me,monthly,vw_cap,1,3208,1227,2019-12-31,-0.00904833406723966
usa,fcf_me,monthly,vw_cap,1,3176,1227,2020-01-31,-0.044129697099025
usa,fcf_me,monthly,vw_cap,1,3174,1248,2020-02-29,-0.0311436906690632
usa,fcf_me,monthly,vw_cap,1,3161,1230,2020-03-31,-0.0392136200736908
usa,fcf_me,monthly,vw_cap,1,3143,1254,2020-04-30,-0.0145023023275285
usa,fcf_me,monthly,vw_cap,1,3177,1276,2020-05-31,-0.0606508486240054
usa,fcf_me,monthly,vw_cap,1,3150,1287,2020-06-30,-0.0254287852030163
usa,fcf_me,monthly,vw_cap,1,3150,1285,2020-07-31,-0.0340465613730611
usa,fcf_me,monthly,vw_cap,1,3159,1318,2020-08-31,0.00271899654012773
usa,fcf_me,monthly,vw_cap,1,3170,1320,2020-09-30,-0.0297234751751091
usa,fcf_me,monthly,vw_cap,1,3174,1325,2020-10-31,-0.00181317177237961
usa,fcf_me,monthly,vw_cap,1,3203,1339,2020-11-30,-0.0180223646714113
usa,fcf_me,monthly,vw_cap,1,3202,1359,2020-12-31,-0.0093918644172238
usa,fcf_me,monthly,vw_cap,1,3202,1366,2021-01-31,-0.0233012148312166
usa,fcf_me,monthly,vw_cap,1,3166,1350,2021-02-28,0.0343258881681699
usa,fcf_me,monthly,vw_cap,1,3171,1338,2021-03-31,0.10787729899307
usa,fcf_me,monthly,vw_cap,1,3168,1318,2021-04-30,0.0186135415602797
usa,fcf_me,monthly,vw_cap,1,3282,1351,2021-05-31,0.0507132306952608
usa,fcf_me,monthly,vw_cap,1,3298,1343,2021-06-30,-0.0667833313614141
usa,fcf_me,monthly,vw_cap,1,3324,1374,2021-07-31,0.0509999499127182
usa,fcf_me,monthly,vw_cap,1,3380,1382,2021-08-31,-0.00771266279899897
usa,fcf_me,monthly,vw_cap,1,3392,1387,2021-09-30,0.0114045099045445
usa,fcf_me,monthly,vw_cap,1,3398,1384,2021-10-31,-0.0105221783559141
usa,fcf_me,monthly,vw_cap,1,3409,1361,2021-11-30,0.0593455581048575
usa,fcf_me,monthly,vw_cap,1,3434,1362,2021-12-31,0.0738489827537827
usa,fcf_me,monthly,vw_cap,1,3459,1365,2022-01-31,0.109768163250874
usa,fcf_me,monthly,vw_cap,1,3493,1316,2022-02-28,0.00976836619464289
usa,fcf_me,monthly,vw_cap,1,3495,1304,2022-03-31,-0.0109858401390791
usa,fcf_me,monthly,vw_cap,1,3486,1301,2022-04-30,0.0751622406239391
usa,fcf_me,monthly,vw_cap,1,3649,1302,2022-05-31,0.0612449195268468
usa,fcf_me,monthly,vw_cap,1,3669,1303,2022-06-30,-0.0205743095962315
usa,fcf_me,monthly,vw_cap,1,3685,1295,2022-07-31,-0.0235744077452192
usa,fcf_me,monthly,vw_cap,1,3677,1269,2022-08-31,-0.028509163363739
usa,fcf_me,monthly,vw_cap,1,3659,1256,2022-09-30,0.013846348935516
usa,fcf_me,monthly,vw_cap,1,3655,1250,2022-10-31,0.054381321794677
usa,fcf_me,monthly,vw_cap,1,3661,1237,2022-11-30,0.0376232219483573
usa,fcf_me,monthly,vw_cap,1,3651,1223,2022-12-31,0.00879745094343505
usa,fcf_me,monthly,vw_cap,1,3655,1227,2023-01-31,-0.0282253464801932
usa,fcf_me,monthly,vw_cap,1,3651,1238,2023-02-28,0.00932922113812597
usa,fcf_me,monthly,vw_cap,1,3658,1233,2023-03-31,-0.0382128047842188
usa,fcf_me,monthly,vw_cap,1,3670,1252,2023-04-30,0.0142130268017037
usa,fcf_me,monthly,vw_cap,1,3749,1267,2023-05-31,-0.0364531187518375
usa,fcf_me,monthly,vw_cap,1,3751,1264,2023-06-30,0.0185813794726222
usa,fcf_me,monthly,vw_cap,1,3743,1254,2023-07-31,0.0190077137196199
usa,fcf_me,monthly,vw_cap,1,3739,1291,2023-08-31,0.0347986606615626
usa,fcf_me,monthly,vw_cap,1,3728,1281,2023-09-30,0.0432090496052689
usa,fcf_me,monthly,vw_cap,1,3736,1279,2023-10-31,0.0283486972212201
usa,fcf_me,monthly,vw_cap,1,3744,1287,2023-11-30,-0.0215134935487259
usa,fcf_me,monthly,vw_cap,1,3725,1285,2023-12-31,-0.0204504544410117
usa,fcf_me,monthly,vw_cap,1,3685,1282,2024-01-31,0.0306541588278575
usa,fcf_me,monthly,vw_cap,1,3691,1282,2024-02-29,-0.015620427438287
usa,fcf_me,monthly,vw_cap,1,3682,1301,2024-03-31,0.0338489553705731
usa,fcf_me,monthly,vw_cap,1,3666,1289,2024-04-30,0.00236581702588224
usa,fcf_me,monthly,vw_cap,1,3710,1309,2024-05-31,0.00390533829173124
usa,fcf_me,monthly,vw_cap,1,3710,1329,2024-06-30,-0.0163742071771101
usa,fcf_me,monthly,vw_cap,1,3690,1314,2024-07-31,0.0341727428793793
usa,fcf_me,monthly,vw_cap,1,3623,1263,2024-08-31,-0.00248126376911841
usa,fcf_me,monthly,vw_cap,1,3619,1273,2024-09-30,-0.0166124021264981
usa,fcf_me,monthly,vw_cap,1,3621,1274,2024-10-31,-0.00968986754537429
usa,fcf_me,monthly,vw_cap,1,3619,1262,2024-11-30,-0.0198668635313236
usa,fcf_me,monthly,vw_cap,1,3625,1272,2024-12-31,-0.00234470736004122
